Tax ID,Program
421381861,Program_001
1217045975,Program_001
2879688355,Program_001
2618220379,Program_001
2467844379,Program_001
461348295,Program_001
2514475519,Program_001
3623323979,Program_001
1495801892,Program_001
2516899664,Program_001
4103987562,Program_001
3645793459,Program_001
21211600,Program_001
3345550819,Program_001
2572279742,Program_001
439981847,Program_001
177492523,Program_001
4079317942,Program_001
3714682665,Program_001
3767764189,Program_001
633241783,Program_001
4255733759,Program_001
430409068,Program_001
3972040837,Program_001
2592631318,Program_001
3208308337,Program_001
4093765641,Program_001
766831850,Program_001
1272063277,Program_001
2615012653,Program_001
3640476855,Program_001
3178467158,Program_001
4159087213,Program_001
986483572,Program_001
1515238155,Program_001
223207300,Program_001
4109518888,Program_001
1976348397,Program_001
850726344,Program_001
1386538643,Program_001
521952789,Program_001
779562777,Program_001
1047295720,Program_001
283684331,Program_001
1113268008,Program_001
1152155004,Program_001
109760020,Program_001
599109031,Program_001
3093431390,Program_001
441499863,Program_001
1923017544,Program_001
1882125268,Program_001
2030898983,Program_001
2988125742,Program_001
4266533368,Program_001
2524260553,Program_001
2267451597,Program_001
3500620617,Program_001
3456141559,Program_001
1300163170,Program_001
3633137445,Program_001
3366424040,Program_001
2634138789,Program_001
821405384,Program_001
756860724,Program_001
698689388,Program_001
1923213462,Program_001
2172490896,Program_001
1922033945,Program_001
1949362033,Program_001
500685197,Program_001
3556895827,Program_001
4185972119,Program_001
1178015880,Program_001
3365529258,Program_001
1024319775,Program_001
1990860057,Program_001
668512948,Program_001
2242758322,Program_001
2586204312,Program_001
684844507,Program_001
4193889708,Program_001
1332158910,Program_001
3337825853,Program_001
52544843,Program_001
531362596,Program_001
3766825789,Program_001
2129593942,Program_001
1071428419,Program_001
3085081171,Program_001
854648180,Program_001
273127409,Program_001
1301629562,Program_001
1260163478,Program_001
2894740554,Program_001
1512430370,Program_001
811351710,Program_001
2733723542,Program_001
114429518,Program_001
589936661,Program_001
2393509757,Program_001
2823155401,Program_001
3785764516,Program_001
1280589891,Program_001
120317131,Program_001
142930629,Program_001
2212494712,Program_001
3963134233,Program_001
591615993,Program_001
205949291,Program_001
475804535,Program_001
3623044480,Program_001
3195255595,Program_001
1156559661,Program_001
2946659147,Program_001
3649376785,Program_001
2543061522,Program_001
559201224,Program_001
4251049155,Program_001
3900048091,Program_001
1538306047,Program_001
3411169708,Program_001
535472075,Program_001
2126772650,Program_001
2273553055,Program_001
3412954001,Program_001
3729565466,Program_001
4279460580,Program_001
110546888,Program_001
169962521,Program_001
4055278575,Program_001
68201971,Program_001
454219476,Program_001
4041534943,Program_001
2092628037,Program_001
2813132491,Program_001
4147927923,Program_001
3591890423,Program_001
228705257,Program_001
3916294032,Program_001
2979213780,Program_001
3873479565,Program_001
1561294452,Program_001
2135195027,Program_001
144837498,Program_001
2382663652,Program_001
234803383,Program_001
831085505,Program_001
2099652592,Program_001
1367392875,Program_001
4017726121,Program_001
4156205042,Program_001
481567502,Program_001
3313826656,Program_001
2584647782,Program_001
3459827941,Program_001
3156285288,Program_001
930060533,Program_001
203052492,Program_001
570719746,Program_001
235626334,Program_001
146630924,Program_001
3066023530,Program_001
1240771813,Program_001
1444525445,Program_001
330602948,Program_001
1194434457,Program_001
4128413961,Program_001
82196256,Program_001
682416439,Program_001
1749726377,Program_001
1046977773,Program_001
3612714242,Program_001
2681527026,Program_001
2417869330,Program_001
1967066321,Program_001
3401690750,Program_001
2916246089,Program_001
2247865666,Program_001
3787502597,Program_001
3343124797,Program_001
3671635902,Program_001
441136435,Program_001
2281357593,Program_001
901028872,Program_001
2994487148,Program_001
2737987374,Program_001
3400683644,Program_001
2999988062,Program_001
4027029349,Program_001
3645282301,Program_001
1938426394,Program_001
63251793,Program_001
3078070554,Program_001
2813579251,Program_001
1319675939,Program_001
4223502538,Program_001
1437801352,Program_001
974899749,Program_001
1794791717,Program_001
4248175746,Program_001
810802009,Program_001
1935103403,Program_001
2885133022,Program_001
2862009556,Program_001
1239815081,Program_001
2687687126,Program_001
3854516973,Program_001
1389574758,Program_001
1605405732,Program_001
501263893,Program_001
3120233908,Program_001
2406411171,Program_001
3249247266,Program_001
785058651,Program_001
1247124553,Program_001
3170188213,Program_001
2247618805,Program_001
234728826,Program_001
1872864489,Program_001
3652038336,Program_001
3421540268,Program_001
4226658434,Program_001
2162427968,Program_001
593044198,Program_001
2319776476,Program_001
2230347562,Program_001
1444470614,Program_001
3001050761,Program_001
3062860899,Program_001
2657618020,Program_001
922965061,Program_001
230719821,Program_001
3554130515,Program_001
228718488,Program_001
555065141,Program_001
919829117,Program_001
1156550423,Program_001
1569913148,Program_001
944665942,Program_001
3421184035,Program_001
2128610436,Program_001
577825151,Program_001
3006513714,Program_001
319988087,Program_001
373127887,Program_001
669250472,Program_001
4028594095,Program_001
2508467367,Program_001
75424563,Program_001
2453493969,Program_001
3339806443,Program_001
3168416641,Program_001
1295671154,Program_001
1279808775,Program_001
1950763221,Program_001
2459528028,Program_001
1867695939,Program_001
3957563889,Program_001
1669809490,Program_001
2542105722,Program_001
799472732,Program_001
1302638196,Program_001
1643003046,Program_001
1444502465,Program_001
1689207001,Program_001
2424015822,Program_001
4185324082,Program_001
2567739535,Program_001
440660129,Program_001
741985726,Program_001
3512427205,Program_001
2895400666,Program_001
159540157,Program_001
4246177641,Program_001
2284076209,Program_001
1016375355,Program_001
242753514,Program_001
3475601023,Program_001
1511829352,Program_001
2181394935,Program_001
3456474348,Program_001
1982980185,Program_001
3770742203,Program_001
4000657178,Program_001
1743269404,Program_001
755635329,Program_001
4090318487,Program_001
4118172966,Program_001
999075184,Program_001
2284723143,Program_001
3563335267,Program_001
2637377828,Program_001
289992423,Program_001
1709119344,Program_001
3900624194,Program_001
4055165816,Program_001
365748068,Program_001
2927218317,Program_001
2681816406,Program_001
549121048,Program_001
848475333,Program_001
3050433727,Program_001
268834493,Program_001
741159238,Program_001
2553707747,Program_001
290560926,Program_001
4139258080,Program_001
1030393298,Program_001
3410766980,Program_001
3733157994,Program_001
1077204279,Program_001
4086010481,Program_001
365969725,Program_001
1749497703,Program_001
3352563061,Program_001
3435544585,Program_001
551462157,Program_001
3399189476,Program_001
401610133,Program_001
2994010044,Program_001
4030432080,Program_001
3284535797,Program_001
4246301270,Program_001
2488183854,Program_001
3849032187,Program_001
1199866217,Program_001
2245803505,Program_001
3372605424,Program_001
384749031,Program_001
748322499,Program_001
2391134742,Program_001
853328281,Program_001
3791718295,Program_001
747765428,Program_001
3802097813,Program_001
4123181086,Program_001
1726249104,Program_001
673778974,Program_001
1533633049,Program_001
1215188656,Program_001
1530614723,Program_001
714810136,Program_001
2503717191,Program_001
1441888392,Program_001
595683105,Program_001
2279520037,Program_001
1032838156,Program_001
1734953789,Program_001
3837895625,Program_001
3806229913,Program_001
2689049548,Program_001
3334905792,Program_001
209915744,Program_001
3717076622,Program_001
2839180434,Program_001
925720623,Program_001
903364310,Program_001
3773146886,Program_001
3197687172,Program_001
1842281082,Program_001
809507367,Program_001
771151529,Program_001
1283656468,Program_001
2834996278,Program_001
1786762698,Program_001
3160720915,Program_001
3868220285,Program_001
1182533234,Program_001
3941228096,Program_001
1017745879,Program_001
445686781,Program_001
4254732563,Program_001
2621154866,Program_001
380359200,Program_001
3621275317,Program_001
Program_00126413,Program_001
4243560774,Program_001
3727776275,Program_001
757761387,Program_001
1132010320,Program_001
2484776497,Program_001
2517517088,Program_001
3083163055,Program_001
774768167,Program_001
4190463513,Program_001
2576339272,Program_001
1824540469,Program_001
2029632529,Program_001
3068196172,Program_001
1697441079,Program_001
3683878842,Program_001
1971784957,Program_001
2019780358,Program_001
697624398,Program_001
2244695891,Program_001
3773698700,Program_001
2883808575,Program_001
1512122701,Program_001
447755723,Program_001
3024711943,Program_001
2294471247,Program_001
2410025306,Program_001
3670217748,Program_001
2088180618,Program_001
4107523538,Program_001
1877559383,Program_001
2257634447,Program_001
1967288078,Program_001
508125545,Program_001
762616131,Program_001
2635948250,Program_001
3817764405,Program_001
1787832525,Program_001
20559728,Program_001
3931938975,Program_001
1127895494,Program_001
2018602336,Program_001
4076743922,Program_001
47139168,Program_001
2353408571,Program_001
4144560725,Program_001
3460347899,Program_001
1497611179,Program_001
1125430306,Program_001
362605352,Program_001
1023528926,Program_001
1479251491,Program_001
4264211231,Program_001
1761557035,Program_001
4142997236,Program_001
1354473336,Program_001
3185985726,Program_001
2821990126,Program_001
2455328898,Program_001
2330753101,Program_001
6445756,Program_001
3869084273,Program_001
2520191923,Program_001
3183946003,Program_001
2278134821,Program_001
1457045261,Program_001
3424914750,Program_001
1762730434,Program_001
3935135989,Program_001
3715833991,Program_001
3039566013,Program_001
4274336954,Program_001
959800041,Program_001
1012433058,Program_001
1136023161,Program_001
494231836,Program_001
4022865681,Program_001
2841031152,Program_001
959950776,Program_001
1871943898,Program_001
1539073445,Program_001
4275388766,Program_001
3899334161,Program_001
1401662292,Program_001
2131582446,Program_001
695756384,Program_001
1798662873,Program_001
1206487982,Program_001
1697012506,Program_001
3637557372,Program_001
4066930526,Program_001
4218512864,Program_001
3277599481,Program_001
742791313,Program_001
2556645747,Program_001
3747216834,Program_001
3422262699,Program_001
1592219266,Program_001
306047003,Program_001
1580380727,Program_001
344884000,Program_001
1773636327,Program_001
459805814,Program_001
3724378320,Program_001
1995262819,Program_001
4039859181,Program_001
3597383827,Program_001
3294191257,Program_001
3066996595,Program_001
789358564,Program_001
2308942308,Program_001
1556581443,Program_001
865796268,Program_001
2078784347,Program_001
1480587445,Program_001
887906284,Program_001
245008648,Program_001
2816774571,Program_001
2495298654,Program_001
461251738,Program_001
800475470,Program_001
1351762450,Program_001
1881894744,Program_001
3294211172,Program_001
970763328,Program_001
2808622905,Program_001
2811068448,Program_001
3310571101,Program_001
3277892365,Program_001
346934133,Program_001
2925204505,Program_001
586186825,Program_001
2396587256,Program_001
2021721589,Program_001
3278040950,Program_001
2437063589,Program_001
3017154643,Program_001
3753267014,Program_001
609829247,Program_001
1444565046,Program_001
494978835,Program_001
2716731132,Program_001
2115785081,Program_001
1643434533,Program_001
2832257946,Program_001
1740672497,Program_001
140743022,Program_001
282599698,Program_001
350919482,Program_001
546766090,Program_001
6767423,Program_001
3306651218,Program_001
2214084704,Program_001
80850040,Program_001
2386630112,Program_001
1848763037,Program_001
111562891,Program_001
13408418,Program_001
110311745,Program_001
3057403711,Program_001
1121920474,Program_001
2037275097,Program_001
1426551317,Program_001
1843126510,Program_001
2026626111,Program_001
2424619136,Program_001
4252417907,Program_001
3000337717,Program_001
477924980,Program_001
718266169,Program_001
1568122699,Program_001
686369568,Program_001
704630639,Program_001
3347967714,Program_001
692380054,Program_001
1570718924,Program_001
1127105002,Program_001
3570546158,Program_001
11046778,Program_001
2825648225,Program_001
2785997320,Program_001
2141275674,Program_001
1545491507,Program_001
3634726489,Program_001
1291368306,Program_001
3577307675,Program_001
1769480547,Program_001
2854195343,Program_001
986671770,Program_001
1258338893,Program_001
462016095,Program_001
2481444608,Program_001
1467572580,Program_001
144435642,Program_001
1475328065,Program_001
1634222585,Program_001
3346704461,Program_001
3293452752,Program_001
43058015,Program_001
1192177025,Program_001
3443978821,Program_001
4033378958,Program_001
943411147,Program_001
43134175,Program_001
3124974950,Program_001
3551931295,Program_001
1941242691,Program_001
532046472,Program_001
2189983130,Program_001
3592203325,Program_001
2730274061,Program_001
2721612629,Program_001
1763460931,Program_001
984598897,Program_001
4076432880,Program_001
492357182,Program_001
2462519639,Program_001
2667450324,Program_001
2996346509,Program_001
3876548490,Program_001
2068769034,Program_001
1500463521,Program_001
3393106911,Program_001
3675690846,Program_001
3643181422,Program_001
1437099119,Program_001
2178397680,Program_001
574357128,Program_001
974438803,Program_001
2843574065,Program_001
2192841385,Program_001
4182131716,Program_001
2567511749,Program_001
4020594343,Program_001
852343466,Program_001
3821054170,Program_001
1871004275,Program_001
3099667197,Program_001
1681439285,Program_001
3873011340,Program_001
434321158,Program_001
3152095243,Program_001
2389760764,Program_001
2597677979,Program_001
733056958,Program_001
1655603420,Program_001
3965722664,Program_001
3496961168,Program_001
3282418661,Program_001
3421919403,Program_001
2303010523,Program_001
2313559203,Program_001
2530355296,Program_001
2098524492,Program_001
3982271248,Program_001
1720803872,Program_001
2254270414,Program_001
2131154876,Program_001
3304363113,Program_001
2094227243,Program_001
3117318437,Program_001
2075735977,Program_001
2917641521,Program_001
3667699303,Program_001
884085573,Program_001
1910442898,Program_001
830433523,Program_001
2704803552,Program_001
2509812033,Program_001
181764028,Program_001
1594287175,Program_001
1517782601,Program_001
3195940207,Program_001
2206564682,Program_001
90337034,Program_001
2361843687,Program_001
2663504544,Program_001
3453232829,Program_001
584069658,Program_001
2888443318,Program_001
12143073,Program_001
1760007079,Program_001
1843145201,Program_001
2063638545,Program_001
2124638646,Program_001
1360449509,Program_001
911985678,Program_001
661916476,Program_001
3286985257,Program_001
189943313,Program_001
769336506,Program_001
398837078,Program_001
895108982,Program_001
263579862,Program_001
4194650816,Program_001
1701299413,Program_001
1493051880,Program_001
2280980311,Program_001
3224646700,Program_001
2409215989,Program_001
2383282195,Program_001
2566434828,Program_001
3646036916,Program_001
2502523320,Program_001
1402067628,Program_001
3851383848,Program_001
2406923425,Program_001
2835455532,Program_001
4210735563,Program_001
2640034057,Program_001
7869166,Program_001
757405761,Program_001
358809792,Program_001
1699386281,Program_001
1575989605,Program_001
2630685349,Program_001
1600426017,Program_001
3325086029,Program_001
2321075329,Program_001
2185067018,Program_001
3630516054,Program_001
1650701366,Program_001
3753342787,Program_001
3311625097,Program_001
485153321,Program_001
862414007,Program_001
2515137127,Program_001
119512426,Program_001
3225919878,Program_001
1565963067,Program_001
2686991215,Program_001
695624328,Program_001
2670023242,Program_001
3291468852,Program_001
1800322454,Program_001
4250213734,Program_001
1710582776,Program_001
2089826501,Program_001
2264375493,Program_001
3661277558,Program_001
3056102420,Program_001
918746318,Program_001
891428063,Program_001
957988813,Program_001
2014495845,Program_001
658810724,Program_001
1945250683,Program_001
3107260825,Program_001
607434662,Program_001
4108895752,Program_001
142217440,Program_001
3730127407,Program_001
677521462,Program_001
4026379523,Program_001
4273880583,Program_001
3943558950,Program_001
2711945218,Program_001
305704240,Program_001
1180124085,Program_001
456101979,Program_001
4269445677,Program_001
57703196,Program_001
4261342730,Program_001
392861019,Program_001
1517577496,Program_001
2737305785,Program_001
4204852604,Program_001
483665969,Program_001
1234868095,Program_001
405147396,Program_001
623976876,Program_001
4288299762,Program_001
4172823884,Program_001
560087427,Program_001
3728311045,Program_001
2708203271,Program_001
3053265535,Program_001
2618340928,Program_001
2838375619,Program_001
333452439,Program_001
624429263,Program_001
2208718126,Program_001
876522039,Program_001
1053956179,Program_001
605631825,Program_001
2685349754,Program_001
4293332183,Program_001
1329237670,Program_001
3583784066,Program_001
1975774042,Program_001
3262917714,Program_001
2173884286,Program_001
3806691760,Program_001
4160169600,Program_001
4213741800,Program_001
1862429211,Program_001
1468482466,Program_001
2017121873,Program_001
870313034,Program_001
1744746179,Program_001
326914389,Program_001
2470074107,Program_001
1476313646,Program_001
2430255422,Program_001
2269703024,Program_001
1449584577,Program_001
2525671191,Program_001
3732753682,Program_001
408801928,Program_001
941020243,Program_001
1329998612,Program_001
2064589443,Program_001
1568905555,Program_001
2228923916,Program_001
877505639,Program_001
2273591192,Program_001
869471867,Program_001
2731109135,Program_001
1354939067,Program_001
2660732351,Program_001
3947953542,Program_001
3717186957,Program_001
3728009653,Program_001
2473639714,Program_001
607684441,Program_001
2581884047,Program_001
2656465358,Program_001
939307034,Program_001
1389118086,Program_001
4088182811,Program_001
1645948388,Program_001
4195227879,Program_001
2282504888,Program_001
3855411500,Program_001
3485068403,Program_001
2295204764,Program_001
3591966333,Program_001
254436876,Program_001
2726377202,Program_001
3664577211,Program_001
4178437164,Program_001
3937080380,Program_001
343599662,Program_001
3187943637,Program_001
1115369255,Program_001
1286397916,Program_001
2917558557,Program_001
319377082,Program_001
4188297020,Program_001
1600811251,Program_001
832516030,Program_001
3782372469,Program_001
242742980,Program_001
1731584618,Program_001
1686863460,Program_001
3809563294,Program_001
2010496016,Program_001
1169100324,Program_001
1765687194,Program_001
2573715887,Program_001
2010546894,Program_001
13712121,Program_001
3195877725,Program_001
1266755696,Program_001
2059215712,Program_001
2259716309,Program_001
2320587793,Program_001
3001697439,Program_001
1251493484,Program_001
1689051745,Program_001
1370496195,Program_001
3429472096,Program_001
1639925652,Program_001
3897325911,Program_001
112046939,Program_001
2312284473,Program_001
3794016351,Program_001
939391483,Program_001
1276463908,Program_001
2046572457,Program_001
2811636263,Program_001
718696821,Program_001
454276422,Program_001
547324935,Program_001
2154328846,Program_001
2642553260,Program_001
899805407,Program_001
2219566988,Program_001
3799717030,Program_001
946649143,Program_001
2130968258,Program_001
376576240,Program_001
180853915,Program_001
210688228,Program_001
679466291,Program_001
3653001532,Program_001
176806796,Program_001
161694200,Program_001
621790861,Program_001
3397023122,Program_001
3212932103,Program_001
3161349857,Program_001
2838410432,Program_001
1775131043,Program_001
3476063335,Program_001
1997942200,Program_001
2730433187,Program_001
2303081042,Program_001
2793616510,Program_001
2579114776,Program_001
995764722,Program_001
4267486067,Program_001
3468077623,Program_001
935655144,Program_001
2445145519,Program_001
528461341,Program_001
2724106939,Program_001
366475761,Program_001
4108539694,Program_001
3178480274,Program_001
3842165835,Program_001
2034674197,Program_001
3659504274,Program_001
1615993509,Program_001
3876996598,Program_001
3540705298,Program_001
25773351,Program_001
3675391345,Program_001
3257711944,Program_001
1625222832,Program_001
713256213,Program_001
747301013,Program_001
3166573863,Program_001
2059768924,Program_001
3193304514,Program_001
808860893,Program_001
2179492991,Program_001
3801713472,Program_001
3402730598,Program_001
75044296,Program_001
3388989596,Program_001
3500881213,Program_001
3362456309,Program_001
3097216355,Program_001
241279943,Program_001
175283998,Program_001
647596071,Program_001
2253193106,Program_001
4255127377,Program_001
2197834688,Program_001
1249080958,Program_001
2996336235,Program_001
420924079,Program_001
1337063387,Program_001
3675448706,Program_001
392272726,Program_001
105243461,Program_001
3108460443,Program_001
3372434712,Program_001
940058199,Program_001
2734348376,Program_001
1575082577,Program_001
2675841183,Program_001
4014234197,Program_001
458251101,Program_001
608599787,Program_001
2312332571,Program_001
1565271643,Program_001
1045176629,Program_001
2012620350,Program_001
3360468138,Program_001
1653129807,Program_001
1370026529,Program_001
3401954694,Program_001
2445479415,Program_001
321796262,Program_001
3659019986,Program_001
1488033832,Program_001
1487249020,Program_001
2470314536,Program_001
1482221794,Program_001
2319684445,Program_001
3461107032,Program_001
519467160,Program_001
3898796693,Program_001
2773128978,Program_001
3518783571,Program_001
179590241,Program_001
2672399148,Program_001
1762934557,Program_001
3413243353,Program_001
3331536246,Program_001
184157488,Program_001
1488149497,Program_001
1263530375,Program_001
3442563035,Program_001
211184393,Program_001
1942906755,Program_001
1802010261,Program_001
2325792137,Program_001
4138179650,Program_001
2212361080,Program_001
2916677845,Program_001
2153319313,Program_001
1400196436,Program_001
3119662898,Program_001
3595819548,Program_001
1389381177,Program_001
4125483933,Program_001
2926423613,Program_001
2008021352,Program_001
463276925,Program_001
960267871,Program_001
2757748763,Program_001
2464970267,Program_001
3001600377,Program_001
3806053265,Program_001
3074631007,Program_001
1711353200,Program_001
1565879901,Program_001
2555722665,Program_001
1978721378,Program_001
703771255,Program_001
2742240264,Program_001
