Tax ID,OrgID,Program,Enrollment Date,Enrollment End,Amount,Total Remuneration,Status
2050704599,2,2002,10-05-2023,01-09-2024,10,0,Active
4028355468,2,2001,01-05-2023,01-06-2024,10,0,Active
3653014786,2,2002,10-05-2023,01-09-2024,10,0,Active
1679762051,2,2001,01-05-2023,01-06-2024,10,0,Active
1677202786,2,2002,10-05-2023,01-09-2024,10,0,Active
980090573,2,2001,01-05-2023,01-06-2024,10,0,Active
3059952649,2,2002,10-05-2023,01-09-2024,10,0,Active
4078098848,2,2001,01-05-2023,01-06-2024,10,0,Active
1017414284,2,2002,10-05-2023,01-09-2024,10,0,Active
2581759347,2,2001,01-05-2023,01-06-2024,10,0,Active
2810922850,2,2002,10-05-2023,01-09-2024,10,0,Active
4032759009,2,2001,01-05-2023,01-06-2024,10,0,Active
1043441868,2,2002,10-05-2023,01-09-2024,10,0,Active
3734271247,2,2001,01-05-2023,01-06-2024,10,0,Active
3853886788,2,2002,10-05-2023,01-09-2024,10,0,Active
2528868991,2,2001,01-05-2023,01-06-2024,10,0,Active
1348262949,2,2002,10-05-2023,01-09-2024,10,0,Active
2651253192,2,2001,01-05-2023,01-06-2024,10,0,Active
2234582342,2,2002,10-05-2023,01-09-2024,10,0,Active
2491964723,2,2001,01-05-2023,01-06-2024,10,0,Active
908241884,2,2002,10-05-2023,01-09-2024,10,0,Active
2888977935,2,2001,01-05-2023,01-06-2024,10,0,Active
1150080840,2,2002,10-05-2023,01-09-2024,10,0,Active
3491895327,2,2001,01-05-2023,01-06-2024,10,0,Active
2764230591,2,2002,10-05-2023,01-09-2024,10,0,Active
272618842,2,2001,01-05-2023,01-06-2024,10,0,Active
915524663,2,2002,10-05-2023,01-09-2024,10,0,Active
1961170361,2,2001,01-05-2023,01-06-2024,10,0,Active
3738944447,2,2002,10-05-2023,01-09-2024,10,0,Active
2358170214,2,2001,01-05-2023,01-06-2024,10,0,Active
1747242509,2,2002,10-05-2023,01-09-2024,10,0,Active
4256051854,2,2001,01-05-2023,01-06-2024,10,0,Active
814070773,2,2002,10-05-2023,01-09-2024,10,0,Active
3522920515,2,2001,01-05-2023,01-06-2024,10,0,Active
383320437,2,2002,10-05-2023,01-09-2024,10,0,Active
653611731,2,2001,01-05-2023,01-06-2024,10,0,Active
293431786,2,2002,10-05-2023,01-09-2024,10,0,Active
3436665674,2,2001,01-05-2023,01-06-2024,10,0,Active
2094546021,2,2002,10-05-2023,01-09-2024,10,0,Active
430346375,2,2001,01-05-2023,01-06-2024,10,0,Active
3875674829,2,2002,10-05-2023,01-09-2024,10,0,Active
3547897161,2,2001,01-05-2023,01-06-2024,10,0,Active
33589358,2,2002,10-05-2023,01-09-2024,10,0,Active
1018673228,2,2001,01-05-2023,01-06-2024,10,0,Active
2533332438,2,2002,10-05-2023,01-09-2024,10,0,Active
34022421,2,2001,01-05-2023,01-06-2024,10,0,Active
2712194494,2,2002,10-05-2023,01-09-2024,10,0,Active
1490320041,2,2001,01-05-2023,01-06-2024,10,0,Active
1944618808,2,2002,10-05-2023,01-09-2024,10,0,Active
3874707795,2,2001,01-05-2023,01-06-2024,10,0,Active
2788244145,2,2002,10-05-2023,01-09-2024,10,0,Active
2184736976,2,2001,01-05-2023,01-06-2024,10,0,Active
829819269,2,2002,10-05-2023,01-09-2024,10,0,Active
2427704431,2,2001,01-05-2023,01-06-2024,10,0,Active
2790832529,2,2002,10-05-2023,01-09-2024,10,0,Active
1238636729,2,2001,01-05-2023,01-06-2024,10,0,Active
3515733964,2,2002,10-05-2023,01-09-2024,10,0,Active
1443446305,2,2001,01-05-2023,01-06-2024,10,0,Active
2090695797,2,2002,10-05-2023,01-09-2024,10,0,Active
3855307006,2,2001,01-05-2023,01-06-2024,10,0,Active
2077000962,2,2002,10-05-2023,01-09-2024,10,0,Active
3228300620,2,2001,01-05-2023,01-06-2024,10,0,Active
3686990461,2,2002,10-05-2023,01-09-2024,10,0,Active
3183224679,2,2001,01-05-2023,01-06-2024,10,0,Active
2751564650,2,2002,10-05-2023,01-09-2024,10,0,Active
2540635111,2,2001,01-05-2023,01-06-2024,10,0,Active
1709255878,2,2002,10-05-2023,01-09-2024,10,0,Active
3935470343,2,2001,01-05-2023,01-06-2024,10,0,Active
4227421144,2,2002,10-05-2023,01-09-2024,10,0,Active
1912315059,2,2001,01-05-2023,01-06-2024,10,0,Active
647880453,2,2002,10-05-2023,01-09-2024,10,0,Active
1012217153,2,2001,01-05-2023,01-06-2024,10,0,Active
2427396396,2,2002,10-05-2023,01-09-2024,10,0,Active
789212147,2,2001,01-05-2023,01-06-2024,10,0,Active
1016764889,2,2002,10-05-2023,01-09-2024,10,0,Active
3644728390,2,2001,01-05-2023,01-06-2024,10,0,Active
3286503684,2,2002,10-05-2023,01-09-2024,10,0,Active
2654586629,2,2001,01-05-2023,01-06-2024,10,0,Active
2537923069,2,2002,10-05-2023,01-09-2024,10,0,Active
27456789,2,2001,01-05-2023,01-06-2024,10,0,Active
1769520218,2,2002,10-05-2023,01-09-2024,10,0,Active
4114780991,2,2001,01-05-2023,01-06-2024,10,0,Active
920517152,2,2002,10-05-2023,01-09-2024,10,0,Active
661192058,2,2001,01-05-2023,01-06-2024,10,0,Active
3286064444,2,2002,10-05-2023,01-09-2024,10,0,Active
16345452,2,2001,01-05-2023,01-06-2024,10,0,Active
1515802432,2,2002,10-05-2023,01-09-2024,10,0,Active
726851425,2,2001,01-05-2023,01-06-2024,10,0,Active
738140290,2,2002,10-05-2023,01-09-2024,10,0,Active
3353246482,2,2001,01-05-2023,01-06-2024,10,0,Active
186970441,2,2002,10-05-2023,01-09-2024,10,0,Active
3920246555,2,2001,01-05-2023,01-06-2024,10,0,Active
1489429818,2,2002,10-05-2023,01-09-2024,10,0,Active
2811659038,2,2001,01-05-2023,01-06-2024,10,0,Active
3481885699,2,2002,10-05-2023,01-09-2024,10,0,Active
3199076068,2,2001,01-05-2023,01-06-2024,10,0,Active
3571654002,2,2002,10-05-2023,01-09-2024,10,0,Active
1987947186,2,2001,01-05-2023,01-06-2024,10,0,Active
1998615054,2,2002,10-05-2023,01-09-2024,10,0,Active
1759281188,2,2001,01-05-2023,01-06-2024,10,0,Active
2001039505,2,2002,10-05-2023,01-09-2024,10,0,Active
1934186863,2,2001,01-05-2023,01-06-2024,10,0,Active
1541497804,2,2002,10-05-2023,01-09-2024,10,0,Active
2888720698,2,2001,01-05-2023,01-06-2024,10,0,Active
735599008,2,2002,10-05-2023,01-09-2024,10,0,Active
732241078,2,2001,01-05-2023,01-06-2024,10,0,Active
2803670598,2,2002,10-05-2023,01-09-2024,10,0,Active
3939804245,2,2001,01-05-2023,01-06-2024,10,0,Active
3476212509,2,2002,10-05-2023,01-09-2024,10,0,Active
4131747598,2,2001,01-05-2023,01-06-2024,10,0,Active
3754340501,2,2002,10-05-2023,01-09-2024,10,0,Active
583702731,2,2001,01-05-2023,01-06-2024,10,0,Active
1883062531,2,2002,10-05-2023,01-09-2024,10,0,Active
3150660146,2,2001,01-05-2023,01-06-2024,10,0,Active
1301228369,2,2002,10-05-2023,01-09-2024,10,0,Active
1353262366,2,2001,01-05-2023,01-06-2024,10,0,Active
1601546814,2,2002,10-05-2023,01-09-2024,10,0,Active
1153910292,2,2001,01-05-2023,01-06-2024,10,0,Active
3508016728,2,2002,10-05-2023,01-09-2024,10,0,Active
3311199242,2,2001,01-05-2023,01-06-2024,10,0,Active
218152178,2,2002,10-05-2023,01-09-2024,10,0,Active
2603126536,2,2001,01-05-2023,01-06-2024,10,0,Active
2071477919,2,2002,10-05-2023,01-09-2024,10,0,Active
574542205,2,2001,01-05-2023,01-06-2024,10,0,Active
49089065,2,2002,10-05-2023,01-09-2024,10,0,Active
1687469571,2,2001,01-05-2023,01-06-2024,10,0,Active
2777227571,2,2002,10-05-2023,01-09-2024,10,0,Active
1660312963,2,2001,01-05-2023,01-06-2024,10,0,Active
1308784320,2,2002,10-05-2023,01-09-2024,10,0,Active
2096975861,2,2001,01-05-2023,01-06-2024,10,0,Active
2883601092,2,2002,10-05-2023,01-09-2024,10,0,Active
1991595218,2,2001,01-05-2023,01-06-2024,10,0,Active
4093411071,2,2002,10-05-2023,01-09-2024,10,0,Active
3330683012,2,2001,01-05-2023,01-06-2024,10,0,Active
1639478395,2,2002,10-05-2023,01-09-2024,10,0,Active
982530983,2,2001,01-05-2023,01-06-2024,10,0,Active
3827554386,2,2002,10-05-2023,01-09-2024,10,0,Active
1336275700,2,2001,01-05-2023,01-06-2024,10,0,Active
1627456133,2,2002,10-05-2023,01-09-2024,10,0,Active
3054674946,2,2001,01-05-2023,01-06-2024,10,0,Active
304961255,2,2002,10-05-2023,01-09-2024,10,0,Active
1313490660,2,2001,01-05-2023,01-06-2024,10,0,Active
1562694403,2,2002,10-05-2023,01-09-2024,10,0,Active
1038073317,2,2001,01-05-2023,01-06-2024,10,0,Active
3272643876,2,2002,10-05-2023,01-09-2024,10,0,Active
3603286796,2,2001,01-05-2023,01-06-2024,10,0,Active
3169266082,2,2002,10-05-2023,01-09-2024,10,0,Active
3770209008,2,2001,01-05-2023,01-06-2024,10,0,Active
2874005031,2,2002,10-05-2023,01-09-2024,10,0,Active
3068829575,2,2001,01-05-2023,01-06-2024,10,0,Active
273067770,2,2002,10-05-2023,01-09-2024,10,0,Active
1036283603,2,2001,01-05-2023,01-06-2024,10,0,Active
3933134134,2,2002,10-05-2023,01-09-2024,10,0,Active
2777598668,2,2001,01-05-2023,01-06-2024,10,0,Active
294517273,2,2002,10-05-2023,01-09-2024,10,0,Active
459021888,2,2001,01-05-2023,01-06-2024,10,0,Active
3599954476,2,2002,10-05-2023,01-09-2024,10,0,Active
1686616395,2,2001,01-05-2023,01-06-2024,10,0,Active
1077892988,2,2002,10-05-2023,01-09-2024,10,0,Active
596074114,2,2001,01-05-2023,01-06-2024,10,0,Active
1013111154,2,2002,10-05-2023,01-09-2024,10,0,Active
2113263036,2,2001,01-05-2023,01-06-2024,10,0,Active
1234773763,2,2002,10-05-2023,01-09-2024,10,0,Active
802809711,2,2001,01-05-2023,01-06-2024,10,0,Active
2879701456,2,2002,10-05-2023,01-09-2024,10,0,Active
4134327443,2,2001,01-05-2023,01-06-2024,10,0,Active
606952192,2,2002,10-05-2023,01-09-2024,10,0,Active
3652227614,2,2001,01-05-2023,01-06-2024,10,0,Active
761357359,2,2002,10-05-2023,01-09-2024,10,0,Active
4189813989,2,2001,01-05-2023,01-06-2024,10,0,Active
2289051878,2,2002,10-05-2023,01-09-2024,10,0,Active
190350878,2,2001,01-05-2023,01-06-2024,10,0,Active
2919090050,2,2002,10-05-2023,01-09-2024,10,0,Active
449572764,2,2001,01-05-2023,01-06-2024,10,0,Active
3424771864,2,2002,10-05-2023,01-09-2024,10,0,Active
5711921,2,2001,01-05-2023,01-06-2024,10,0,Active
4122442236,2,2002,10-05-2023,01-09-2024,10,0,Active
3385351880,2,2001,01-05-2023,01-06-2024,10,0,Active
1400252582,2,2002,10-05-2023,01-09-2024,10,0,Active
2229896270,2,2001,01-05-2023,01-06-2024,10,0,Active
764206304,2,2002,10-05-2023,01-09-2024,10,0,Active
2615574987,2,2001,01-05-2023,01-06-2024,10,0,Active
2926234181,2,2002,10-05-2023,01-09-2024,10,0,Active
4126633571,2,2001,01-05-2023,01-06-2024,10,0,Active
67598993,2,2002,10-05-2023,01-09-2024,10,0,Active
3719643841,2,2001,01-05-2023,01-06-2024,10,0,Active
2929502157,2,2002,10-05-2023,01-09-2024,10,0,Active
419830345,2,2001,01-05-2023,01-06-2024,10,0,Active
2995775940,2,2002,10-05-2023,01-09-2024,10,0,Active
1774541172,2,2001,01-05-2023,01-06-2024,10,0,Active
3648974020,2,2002,10-05-2023,01-09-2024,10,0,Active
737216365,2,2001,01-05-2023,01-06-2024,10,0,Active
2273745262,2,2002,10-05-2023,01-09-2024,10,0,Active
3179821949,2,2001,01-05-2023,01-06-2024,10,0,Active
2354580878,2,2002,10-05-2023,01-09-2024,10,0,Active
4253140635,2,2001,01-05-2023,01-06-2024,10,0,Active
437383412,2,2002,10-05-2023,01-09-2024,10,0,Active
2028843765,2,2001,01-05-2023,01-06-2024,10,0,Active
3285359677,2,2002,10-05-2023,01-09-2024,10,0,Active
4103030717,2,2001,01-05-2023,01-06-2024,10,0,Active
1088848903,2,2002,10-05-2023,01-09-2024,10,0,Active
2265265143,2,2001,01-05-2023,01-06-2024,10,0,Active
1185540821,2,2002,10-05-2023,01-09-2024,10,0,Active
3019644467,2,2001,01-05-2023,01-06-2024,10,0,Active
1585499494,2,2002,10-05-2023,01-09-2024,10,0,Active
1854713084,2,2001,01-05-2023,01-06-2024,10,0,Active
3098225812,2,2002,10-05-2023,01-09-2024,10,0,Active
2325568794,2,2001,01-05-2023,01-06-2024,10,0,Active
1901846450,2,2002,10-05-2023,01-09-2024,10,0,Active
297926176,2,2001,01-05-2023,01-06-2024,10,0,Active
200630799,2,2002,10-05-2023,01-09-2024,10,0,Active
1569943527,2,2001,01-05-2023,01-06-2024,10,0,Active
3959753499,2,2002,10-05-2023,01-09-2024,10,0,Active
2400390857,2,2001,01-05-2023,01-06-2024,10,0,Active
38459220,2,2002,10-05-2023,01-09-2024,10,0,Active
1467839460,2,2001,01-05-2023,01-06-2024,10,0,Active
2094876029,2,2002,10-05-2023,01-09-2024,10,0,Active
4281134493,2,2001,01-05-2023,01-06-2024,10,0,Active
1514588993,2,2002,10-05-2023,01-09-2024,10,0,Active
3133730293,2,2001,01-05-2023,01-06-2024,10,0,Active
2269951711,2,2002,10-05-2023,01-09-2024,10,0,Active
493913110,2,2001,01-05-2023,01-06-2024,10,0,Active
3170489833,2,2002,10-05-2023,01-09-2024,10,0,Active
1286385355,2,2001,01-05-2023,01-06-2024,10,0,Active
1905972620,2,2002,10-05-2023,01-09-2024,10,0,Active
2631328972,2,2001,01-05-2023,01-06-2024,10,0,Active
477679500,2,2002,10-05-2023,01-09-2024,10,0,Active
3415345081,2,2001,01-05-2023,01-06-2024,10,0,Active
1021549726,2,2002,10-05-2023,01-09-2024,10,0,Active
4092130918,2,2001,01-05-2023,01-06-2024,10,0,Active
184232959,2,2002,10-05-2023,01-09-2024,10,0,Active
841723457,2,2001,01-05-2023,01-06-2024,10,0,Active
1190209837,2,2002,10-05-2023,01-09-2024,10,0,Active
2792315031,2,2001,01-05-2023,01-06-2024,10,0,Active
3984549747,2,2002,10-05-2023,01-09-2024,10,0,Active
648073583,2,2001,01-05-2023,01-06-2024,10,0,Active
3855546360,2,2002,10-05-2023,01-09-2024,10,0,Active
2816579981,2,2001,01-05-2023,01-06-2024,10,0,Active
1193127445,2,2002,10-05-2023,01-09-2024,10,0,Active
1801409396,2,2001,01-05-2023,01-06-2024,10,0,Active
1707588762,2,2002,10-05-2023,01-09-2024,10,0,Active
3595938893,2,2001,01-05-2023,01-06-2024,10,0,Active
1795231518,2,2002,10-05-2023,01-09-2024,10,0,Active
1786837484,2,2001,01-05-2023,01-06-2024,10,0,Active
1934119885,2,2002,10-05-2023,01-09-2024,10,0,Active
3706090085,2,2001,01-05-2023,01-06-2024,10,0,Active
172663950,2,2002,10-05-2023,01-09-2024,10,0,Active
522866721,2,2001,01-05-2023,01-06-2024,10,0,Active
335454104,2,2002,10-05-2023,01-09-2024,10,0,Active
2785513004,2,2001,01-05-2023,01-06-2024,10,0,Active
4170096896,2,2002,10-05-2023,01-09-2024,10,0,Active
2886073333,2,2001,01-05-2023,01-06-2024,10,0,Active
522998499,2,2002,10-05-2023,01-09-2024,10,0,Active
2718799359,2,2001,01-05-2023,01-06-2024,10,0,Active
936127586,2,2002,10-05-2023,01-09-2024,10,0,Active
2481808608,2,2001,01-05-2023,01-06-2024,10,0,Active
2145395811,2,2002,10-05-2023,01-09-2024,10,0,Active
1906945962,2,2001,01-05-2023,01-06-2024,10,0,Active
545380291,2,2002,10-05-2023,01-09-2024,10,0,Active
4260019633,2,2001,01-05-2023,01-06-2024,10,0,Active
2328993173,2,2002,10-05-2023,01-09-2024,10,0,Active
1112680466,2,2001,01-05-2023,01-06-2024,10,0,Active
4206425839,2,2002,10-05-2023,01-09-2024,10,0,Active
1125466851,2,2001,01-05-2023,01-06-2024,10,0,Active
1593843971,2,2002,10-05-2023,01-09-2024,10,0,Active
3303021698,2,2001,01-05-2023,01-06-2024,10,0,Active
2779556997,2,2002,10-05-2023,01-09-2024,10,0,Active
1772992768,2,2001,01-05-2023,01-06-2024,10,0,Active
3689940680,2,2002,10-05-2023,01-09-2024,10,0,Active
519744881,2,2001,01-05-2023,01-06-2024,10,0,Active
3350448673,2,2002,10-05-2023,01-09-2024,10,0,Active
1547181065,2,2001,01-05-2023,01-06-2024,10,0,Active
2992949135,2,2002,10-05-2023,01-09-2024,10,0,Active
1841554219,2,2001,01-05-2023,01-06-2024,10,0,Active
2489014126,2,2002,10-05-2023,01-09-2024,10,0,Active
998352385,2,2001,01-05-2023,01-06-2024,10,0,Active
2765435945,2,2002,10-05-2023,01-09-2024,10,0,Active
577291872,2,2001,01-05-2023,01-06-2024,10,0,Active
906654018,2,2002,10-05-2023,01-09-2024,10,0,Active
1849120635,2,2001,01-05-2023,01-06-2024,10,0,Active
2979648370,2,2002,10-05-2023,01-09-2024,10,0,Active
3356501483,2,2001,01-05-2023,01-06-2024,10,0,Active
241066336,2,2002,10-05-2023,01-09-2024,10,0,Active
839728231,2,2001,01-05-2023,01-06-2024,10,0,Active
548888899,2,2002,10-05-2023,01-09-2024,10,0,Active
905426405,2,2001,01-05-2023,01-06-2024,10,0,Active
2871371343,2,2002,10-05-2023,01-09-2024,10,0,Active
1883468635,2,2001,01-05-2023,01-06-2024,10,0,Active
1354809086,2,2002,10-05-2023,01-09-2024,10,0,Active
1935699734,2,2001,01-05-2023,01-06-2024,10,0,Active
2988941775,2,2002,10-05-2023,01-09-2024,10,0,Active
3044338441,2,2001,01-05-2023,01-06-2024,10,0,Active
4257388316,2,2002,10-05-2023,01-09-2024,10,0,Active
1540708926,2,2001,01-05-2023,01-06-2024,10,0,Active
1130555649,2,2002,10-05-2023,01-09-2024,10,0,Active
3046861454,2,2001,01-05-2023,01-06-2024,10,0,Active
2842051150,2,2002,10-05-2023,01-09-2024,10,0,Active
2008810743,2,2001,01-05-2023,01-06-2024,10,0,Active
1536909791,2,2002,10-05-2023,01-09-2024,10,0,Active
1744151676,2,2001,01-05-2023,01-06-2024,10,0,Active
2952280371,2,2002,10-05-2023,01-09-2024,10,0,Active
2599699419,2,2001,01-05-2023,01-06-2024,10,0,Active
1155766535,2,2002,10-05-2023,01-09-2024,10,0,Active
4049617295,2,2001,01-05-2023,01-06-2024,10,0,Active
1426579051,2,2002,10-05-2023,01-09-2024,10,0,Active
2911593017,2,2001,01-05-2023,01-06-2024,10,0,Active
157819623,2,2002,10-05-2023,01-09-2024,10,0,Active
127475677,2,2001,01-05-2023,01-06-2024,10,0,Active
2487203971,2,2002,10-05-2023,01-09-2024,10,0,Active
276600286,2,2001,01-05-2023,01-06-2024,10,0,Active
2863383933,2,2002,10-05-2023,01-09-2024,10,0,Active
4283207779,2,2001,01-05-2023,01-06-2024,10,0,Active
3830190918,2,2002,10-05-2023,01-09-2024,10,0,Active
3967127329,2,2001,01-05-2023,01-06-2024,10,0,Active
1239361532,2,2002,10-05-2023,01-09-2024,10,0,Active
3837944159,2,2001,01-05-2023,01-06-2024,10,0,Active
1145496962,2,2002,10-05-2023,01-09-2024,10,0,Active
3992832110,2,2001,01-05-2023,01-06-2024,10,0,Active
44215047,2,2002,10-05-2023,01-09-2024,10,0,Active
1344508840,2,2001,01-05-2023,01-06-2024,10,0,Active
560895277,2,2002,10-05-2023,01-09-2024,10,0,Active
802594211,2,2001,01-05-2023,01-06-2024,10,0,Active
1842246515,2,2002,10-05-2023,01-09-2024,10,0,Active
2048352189,2,2001,01-05-2023,01-06-2024,10,0,Active
339672279,2,2002,10-05-2023,01-09-2024,10,0,Active
1998651258,2,2001,01-05-2023,01-06-2024,10,0,Active
271841686,2,2002,10-05-2023,01-09-2024,10,0,Active
1755506390,2,2001,01-05-2023,01-06-2024,10,0,Active
1475486090,2,2002,10-05-2023,01-09-2024,10,0,Active
1877451406,2,2001,01-05-2023,01-06-2024,10,0,Active
1468988063,2,2002,10-05-2023,01-09-2024,10,0,Active
1876332098,2,2001,01-05-2023,01-06-2024,10,0,Active
3538599602,2,2002,10-05-2023,01-09-2024,10,0,Active
347957869,2,2001,01-05-2023,01-06-2024,10,0,Active
1817272310,2,2002,10-05-2023,01-09-2024,10,0,Active
870091502,2,2001,01-05-2023,01-06-2024,10,0,Active
2083311861,2,2002,10-05-2023,01-09-2024,10,0,Active
920405896,2,2001,01-05-2023,01-06-2024,10,0,Active
628259778,2,2002,10-05-2023,01-09-2024,10,0,Active
491533448,2,2001,01-05-2023,01-06-2024,10,0,Active
2785162298,2,2002,10-05-2023,01-09-2024,10,0,Active
4179166317,2,2001,01-05-2023,01-06-2024,10,0,Active
4188423698,2,2002,10-05-2023,01-09-2024,10,0,Active
121573702,2,2001,01-05-2023,01-06-2024,10,0,Active
1537679514,2,2002,10-05-2023,01-09-2024,10,0,Active
991077323,2,2001,01-05-2023,01-06-2024,10,0,Active
1483417996,2,2002,10-05-2023,01-09-2024,10,0,Active
1586602117,2,2001,01-05-2023,01-06-2024,10,0,Active
2403047500,2,2002,10-05-2023,01-09-2024,10,0,Active
550654841,2,2001,01-05-2023,01-06-2024,10,0,Active
4231973964,2,2002,10-05-2023,01-09-2024,10,0,Active
1822743537,2,2001,01-05-2023,01-06-2024,10,0,Active
1831479376,2,2002,10-05-2023,01-09-2024,10,0,Active
2030114408,2,2001,01-05-2023,01-06-2024,10,0,Active
4182920009,2,2002,10-05-2023,01-09-2024,10,0,Active
2546147292,2,2001,01-05-2023,01-06-2024,10,0,Active
2885545421,2,2002,10-05-2023,01-09-2024,10,0,Active
1729656818,2,2001,01-05-2023,01-06-2024,10,0,Active
2572577483,2,2002,10-05-2023,01-09-2024,10,0,Active
445722885,2,2001,01-05-2023,01-06-2024,10,0,Active
14265388,2,2002,10-05-2023,01-09-2024,10,0,Active
2408402746,2,2001,01-05-2023,01-06-2024,10,0,Active
986166769,2,2002,10-05-2023,01-09-2024,10,0,Active
2027152132,2,2001,01-05-2023,01-06-2024,10,0,Active
1962875377,2,2002,10-05-2023,01-09-2024,10,0,Active
1711359867,2,2001,01-05-2023,01-06-2024,10,0,Active
2619607112,2,2002,10-05-2023,01-09-2024,10,0,Active
895948206,2,2001,01-05-2023,01-06-2024,10,0,Active
3586885562,2,2002,10-05-2023,01-09-2024,10,0,Active
1895762437,2,2001,01-05-2023,01-06-2024,10,0,Active
1083109298,2,2002,10-05-2023,01-09-2024,10,0,Active
3118453380,2,2001,01-05-2023,01-06-2024,10,0,Active
3566010395,2,2002,10-05-2023,01-09-2024,10,0,Active
1127981897,2,2001,01-05-2023,01-06-2024,10,0,Active
4248515295,2,2002,10-05-2023,01-09-2024,10,0,Active
579513724,2,2001,01-05-2023,01-06-2024,10,0,Active
583597056,2,2002,10-05-2023,01-09-2024,10,0,Active
1836249005,2,2001,01-05-2023,01-06-2024,10,0,Active
2284288905,2,2002,10-05-2023,01-09-2024,10,0,Active
1974057541,2,2001,01-05-2023,01-06-2024,10,0,Active
3663239480,2,2002,10-05-2023,01-09-2024,10,0,Active
2534394390,2,2001,01-05-2023,01-06-2024,10,0,Active
1486056387,2,2002,10-05-2023,01-09-2024,10,0,Active
3516218589,2,2001,01-05-2023,01-06-2024,10,0,Active
3956018582,2,2002,10-05-2023,01-09-2024,10,0,Active
2023222101,2,2001,01-05-2023,01-06-2024,10,0,Active
2696885720,2,2002,10-05-2023,01-09-2024,10,0,Active
2855263448,2,2001,01-05-2023,01-06-2024,10,0,Active
1045031098,2,2002,10-05-2023,01-09-2024,10,0,Active
2121734985,2,2001,01-05-2023,01-06-2024,10,0,Active
3974107289,2,2002,10-05-2023,01-09-2024,10,0,Active
2656109721,2,2001,01-05-2023,01-06-2024,10,0,Active
2759180934,2,2002,10-05-2023,01-09-2024,10,0,Active
3635767911,2,2001,01-05-2023,01-06-2024,10,0,Active
2233548014,2,2002,10-05-2023,01-09-2024,10,0,Active
2190386059,2,2001,01-05-2023,01-06-2024,10,0,Active
2099621126,2,2002,10-05-2023,01-09-2024,10,0,Active
498450594,2,2001,01-05-2023,01-06-2024,10,0,Active
4071040134,2,2002,10-05-2023,01-09-2024,10,0,Active
2200209763,2,2001,01-05-2023,01-06-2024,10,0,Active
406443482,2,2002,10-05-2023,01-09-2024,10,0,Active
4286302579,2,2001,01-05-2023,01-06-2024,10,0,Active
1585397005,2,2002,10-05-2023,01-09-2024,10,0,Active
3243858546,2,2001,01-05-2023,01-06-2024,10,0,Active
3576617373,2,2002,10-05-2023,01-09-2024,10,0,Active
977095513,2,2001,01-05-2023,01-06-2024,10,0,Active
1844394335,2,2002,10-05-2023,01-09-2024,10,0,Active
1056920974,2,2001,01-05-2023,01-06-2024,10,0,Active
4050791379,2,2002,10-05-2023,01-09-2024,10,0,Active
981247968,2,2001,01-05-2023,01-06-2024,10,0,Active
2550883249,2,2002,10-05-2023,01-09-2024,10,0,Active
1272180884,2,2001,01-05-2023,01-06-2024,10,0,Active
1513455345,2,2002,10-05-2023,01-09-2024,10,0,Active
1382725405,2,2001,01-05-2023,01-06-2024,10,0,Active
1316573225,2,2002,10-05-2023,01-09-2024,10,0,Active
1537275954,2,2001,01-05-2023,01-06-2024,10,0,Active
3001306912,2,2002,10-05-2023,01-09-2024,10,0,Active
1640503321,2,2001,01-05-2023,01-06-2024,10,0,Active
165504852,2,2002,10-05-2023,01-09-2024,10,0,Active
2052200999,2,2001,01-05-2023,01-06-2024,10,0,Active
1413452879,2,2002,10-05-2023,01-09-2024,10,0,Active
1540300914,2,2001,01-05-2023,01-06-2024,10,0,Active
675637802,2,2002,10-05-2023,01-09-2024,10,0,Active
2328872644,2,2001,01-05-2023,01-06-2024,10,0,Active
364349515,2,2002,10-05-2023,01-09-2024,10,0,Active
1289589633,2,2001,01-05-2023,01-06-2024,10,0,Active
2558167972,2,2002,10-05-2023,01-09-2024,10,0,Active
808686996,2,2001,01-05-2023,01-06-2024,10,0,Active
3606023365,2,2002,10-05-2023,01-09-2024,10,0,Active
2365773307,2,2001,01-05-2023,01-06-2024,10,0,Active
1035791657,2,2002,10-05-2023,01-09-2024,10,0,Active
3948620032,2,2001,01-05-2023,01-06-2024,10,0,Active
2815728172,2,2002,10-05-2023,01-09-2024,10,0,Active
1135071613,2,2001,01-05-2023,01-06-2024,10,0,Active
3666924911,2,2002,10-05-2023,01-09-2024,10,0,Active
1525214265,2,2001,01-05-2023,01-06-2024,10,0,Active
4249679565,2,2002,10-05-2023,01-09-2024,10,0,Active
1283115039,2,2001,01-05-2023,01-06-2024,10,0,Active
1441875071,2,2002,10-05-2023,01-09-2024,10,0,Active
2316755807,2,2001,01-05-2023,01-06-2024,10,0,Active
3539397074,2,2002,10-05-2023,01-09-2024,10,0,Active
4079775666,2,2001,01-05-2023,01-06-2024,10,0,Active
2273233799,2,2002,10-05-2023,01-09-2024,10,0,Active
3909694937,2,2001,01-05-2023,01-06-2024,10,0,Active
1604220987,2,2002,10-05-2023,01-09-2024,10,0,Active
3847880343,2,2001,01-05-2023,01-06-2024,10,0,Active
62702238,2,2002,10-05-2023,01-09-2024,10,0,Active
976204653,2,2001,01-05-2023,01-06-2024,10,0,Active
712661393,2,2002,10-05-2023,01-09-2024,10,0,Active
51989242,2,2001,01-05-2023,01-06-2024,10,0,Active
1547499533,2,2002,10-05-2023,01-09-2024,10,0,Active
4118679444,2,2001,01-05-2023,01-06-2024,10,0,Active
3133421375,2,2002,10-05-2023,01-09-2024,10,0,Active
1887976011,2,2001,01-05-2023,01-06-2024,10,0,Active
2717061792,2,2002,10-05-2023,01-09-2024,10,0,Active
389499184,2,2001,01-05-2023,01-06-2024,10,0,Active
3558765275,2,2002,10-05-2023,01-09-2024,10,0,Active
117269231,2,2001,01-05-2023,01-06-2024,10,0,Active
1127632744,2,2002,10-05-2023,01-09-2024,10,0,Active
3660189439,2,2001,01-05-2023,01-06-2024,10,0,Active
1137572752,2,2002,10-05-2023,01-09-2024,10,0,Active
1324813327,2,2001,01-05-2023,01-06-2024,10,0,Active
3311620059,2,2002,10-05-2023,01-09-2024,10,0,Active
1463242337,2,2001,01-05-2023,01-06-2024,10,0,Active
3001442932,2,2002,10-05-2023,01-09-2024,10,0,Active
741156292,2,2001,01-05-2023,01-06-2024,10,0,Active
1397611426,2,2002,10-05-2023,01-09-2024,10,0,Active
1629476918,2,2001,01-05-2023,01-06-2024,10,0,Active
3197028925,2,2002,10-05-2023,01-09-2024,10,0,Active
1068325328,2,2001,01-05-2023,01-06-2024,10,0,Active
4235162832,2,2002,10-05-2023,01-09-2024,10,0,Active
1525643961,2,2001,01-05-2023,01-06-2024,10,0,Active
3757234069,2,2002,10-05-2023,01-09-2024,10,0,Active
3600208207,2,2001,01-05-2023,01-06-2024,10,0,Active
2094196475,2,2002,10-05-2023,01-09-2024,10,0,Active
3491219591,2,2001,01-05-2023,01-06-2024,10,0,Active
3707943837,2,2002,10-05-2023,01-09-2024,10,0,Active
581175642,2,2001,01-05-2023,01-06-2024,10,0,Active
4008038548,2,2002,10-05-2023,01-09-2024,10,0,Active
3382172091,2,2001,01-05-2023,01-06-2024,10,0,Active
327580609,2,2002,10-05-2023,01-09-2024,10,0,Active
3380060222,2,2001,01-05-2023,01-06-2024,10,0,Active
2775205704,2,2002,10-05-2023,01-09-2024,10,0,Active
847843835,2,2001,01-05-2023,01-06-2024,10,0,Active
3478399181,2,2002,10-05-2023,01-09-2024,10,0,Active
1524211652,2,2001,01-05-2023,01-06-2024,10,0,Active
854756614,2,2002,10-05-2023,01-09-2024,10,0,Active
2566215860,2,2001,01-05-2023,01-06-2024,10,0,Active
3540536463,2,2002,10-05-2023,01-09-2024,10,0,Active
703624696,2,2001,01-05-2023,01-06-2024,10,0,Active
955796769,2,2002,10-05-2023,01-09-2024,10,0,Active
2782874104,2,2001,01-05-2023,01-06-2024,10,0,Active
1620434077,2,2002,10-05-2023,01-09-2024,10,0,Active
655044218,2,2001,01-05-2023,01-06-2024,10,0,Active
3867623128,2,2002,10-05-2023,01-09-2024,10,0,Active
534181126,2,2001,01-05-2023,01-06-2024,10,0,Active
703219623,2,2002,10-05-2023,01-09-2024,10,0,Active
2168861903,2,2001,01-05-2023,01-06-2024,10,0,Active
2522191891,2,2002,10-05-2023,01-09-2024,10,0,Active
612265137,2,2001,01-05-2023,01-06-2024,10,0,Active
1343529399,2,2002,10-05-2023,01-09-2024,10,0,Active
187366676,2,2001,01-05-2023,01-06-2024,10,0,Active
4161544894,2,2002,10-05-2023,01-09-2024,10,0,Active
3338816170,2,2001,01-05-2023,01-06-2024,10,0,Active
348563632,2,2002,10-05-2023,01-09-2024,10,0,Active
3506197000,2,2001,01-05-2023,01-06-2024,10,0,Active
4139266341,2,2002,10-05-2023,01-09-2024,10,0,Active
1824069083,2,2001,01-05-2023,01-06-2024,10,0,Active
1420422201,2,2002,10-05-2023,01-09-2024,10,0,Active
2858630247,2,2001,01-05-2023,01-06-2024,10,0,Active
1111437444,2,2002,10-05-2023,01-09-2024,10,0,Active
130455215,2,2001,01-05-2023,01-06-2024,10,0,Active
2702300983,2,2002,10-05-2023,01-09-2024,10,0,Active
627374872,2,2001,01-05-2023,01-06-2024,10,0,Active
3078946226,2,2002,10-05-2023,01-09-2024,10,0,Active
499415673,2,2001,01-05-2023,01-06-2024,10,0,Active
2585597612,2,2002,10-05-2023,01-09-2024,10,0,Active
3183779930,2,2001,01-05-2023,01-06-2024,10,0,Active
809008738,2,2002,10-05-2023,01-09-2024,10,0,Active
2452811551,2,2001,01-05-2023,01-06-2024,10,0,Active
3549154273,2,2002,10-05-2023,01-09-2024,10,0,Active
1480915557,2,2001,01-05-2023,01-06-2024,10,0,Active
556008845,2,2002,10-05-2023,01-09-2024,10,0,Active
335285753,2,2001,01-05-2023,01-06-2024,10,0,Active
1080189121,2,2002,10-05-2023,01-09-2024,10,0,Active
2012522846,2,2001,01-05-2023,01-06-2024,10,0,Active
2687111864,2,2002,10-05-2023,01-09-2024,10,0,Active
2212227832,2,2001,01-05-2023,01-06-2024,10,0,Active
1237886919,2,2002,10-05-2023,01-09-2024,10,0,Active
1725218647,2,2001,01-05-2023,01-06-2024,10,0,Active
2696909815,2,2002,10-05-2023,01-09-2024,10,0,Active
2509434479,2,2001,01-05-2023,01-06-2024,10,0,Active
3273860251,2,2002,10-05-2023,01-09-2024,10,0,Active
4071828080,2,2001,01-05-2023,01-06-2024,10,0,Active
889657350,2,2002,10-05-2023,01-09-2024,10,0,Active
3758264033,2,2001,01-05-2023,01-06-2024,10,0,Active
616299643,2,2002,10-05-2023,01-09-2024,10,0,Active
4032345178,2,2001,01-05-2023,01-06-2024,10,0,Active
2513028627,2,2002,10-05-2023,01-09-2024,10,0,Active
3698353883,2,2001,01-05-2023,01-06-2024,10,0,Active
1438149256,2,2002,10-05-2023,01-09-2024,10,0,Active
356966103,2,2001,01-05-2023,01-06-2024,10,0,Active
3339504704,2,2002,10-05-2023,01-09-2024,10,0,Active
3245421736,2,2001,01-05-2023,01-06-2024,10,0,Active
4063973921,2,2002,10-05-2023,01-09-2024,10,0,Active
3902761628,2,2001,01-05-2023,01-06-2024,10,0,Active
3597623792,2,2002,10-05-2023,01-09-2024,10,0,Active
341219463,2,2001,01-05-2023,01-06-2024,10,0,Active
795100456,2,2002,10-05-2023,01-09-2024,10,0,Active
168538640,2,2001,01-05-2023,01-06-2024,10,0,Active
68980341,2,2002,10-05-2023,01-09-2024,10,0,Active
156441397,2,2001,01-05-2023,01-06-2024,10,0,Active
3312516254,2,2002,10-05-2023,01-09-2024,10,0,Active
474904736,2,2001,01-05-2023,01-06-2024,10,0,Active
365888628,2,2002,10-05-2023,01-09-2024,10,0,Active
648825148,2,2001,01-05-2023,01-06-2024,10,0,Active
3055772347,2,2002,10-05-2023,01-09-2024,10,0,Active
429432702,2,2001,01-05-2023,01-06-2024,10,0,Active
1229296327,2,2002,10-05-2023,01-09-2024,10,0,Active
3292622255,2,2001,01-05-2023,01-06-2024,10,0,Active
3778813693,2,2002,10-05-2023,01-09-2024,10,0,Active
456504427,2,2001,01-05-2023,01-06-2024,10,0,Active
3032986576,2,2002,10-05-2023,01-09-2024,10,0,Active
1676923117,2,2001,01-05-2023,01-06-2024,10,0,Active
938139873,2,2002,10-05-2023,01-09-2024,10,0,Active
3613226337,2,2001,01-05-2023,01-06-2024,10,0,Active
3415665771,2,2002,10-05-2023,01-09-2024,10,0,Active
2828733625,2,2001,01-05-2023,01-06-2024,10,0,Active
3079606985,2,2002,10-05-2023,01-09-2024,10,0,Active
650855219,2,2001,01-05-2023,01-06-2024,10,0,Active
1926096150,2,2002,10-05-2023,01-09-2024,10,0,Active
899423900,2,2001,01-05-2023,01-06-2024,10,0,Active
3507115016,2,2002,10-05-2023,01-09-2024,10,0,Active
3813238566,2,2001,01-05-2023,01-06-2024,10,0,Active
3459988355,2,2002,10-05-2023,01-09-2024,10,0,Active
1018217574,2,2001,01-05-2023,01-06-2024,10,0,Active
2938125249,2,2002,10-05-2023,01-09-2024,10,0,Active
585054748,2,2001,01-05-2023,01-06-2024,10,0,Active
4257574849,2,2002,10-05-2023,01-09-2024,10,0,Active
660463479,2,2001,01-05-2023,01-06-2024,10,0,Active
2237003606,2,2002,10-05-2023,01-09-2024,10,0,Active
3862304576,2,2001,01-05-2023,01-06-2024,10,0,Active
1083456099,2,2002,10-05-2023,01-09-2024,10,0,Active
993523434,2,2001,01-05-2023,01-06-2024,10,0,Active
3630005321,2,2002,10-05-2023,01-09-2024,10,0,Active
4140934125,2,2001,01-05-2023,01-06-2024,10,0,Active
112273888,2,2002,10-05-2023,01-09-2024,10,0,Active
1483230914,2,2001,01-05-2023,01-06-2024,10,0,Active
2334555773,2,2002,10-05-2023,01-09-2024,10,0,Active
1387822557,2,2001,01-05-2023,01-06-2024,10,0,Active
128229774,2,2002,10-05-2023,01-09-2024,10,0,Active
3289570543,2,2001,01-05-2023,01-06-2024,10,0,Active
1480038580,2,2002,10-05-2023,01-09-2024,10,0,Active
947773719,2,2001,01-05-2023,01-06-2024,10,0,Active
2560919776,2,2002,10-05-2023,01-09-2024,10,0,Active
3681919947,2,2001,01-05-2023,01-06-2024,10,0,Active
1415717849,2,2002,10-05-2023,01-09-2024,10,0,Active
1482446090,2,2001,01-05-2023,01-06-2024,10,0,Active
2206667651,2,2002,10-05-2023,01-09-2024,10,0,Active
3501458685,2,2001,01-05-2023,01-06-2024,10,0,Active
1848295956,2,2002,10-05-2023,01-09-2024,10,0,Active
1862924092,2,2001,01-05-2023,01-06-2024,10,0,Active
917303228,2,2002,10-05-2023,01-09-2024,10,0,Active
2458571571,2,2001,01-05-2023,01-06-2024,10,0,Active
671637240,2,2002,10-05-2023,01-09-2024,10,0,Active
1883359950,2,2001,01-05-2023,01-06-2024,10,0,Active
2063310436,2,2002,10-05-2023,01-09-2024,10,0,Active
2911204740,2,2001,01-05-2023,01-06-2024,10,0,Active
2538214685,2,2002,10-05-2023,01-09-2024,10,0,Active
1723161883,2,2001,01-05-2023,01-06-2024,10,0,Active
2137906715,2,2002,10-05-2023,01-09-2024,10,0,Active
3103152568,2,2001,01-05-2023,01-06-2024,10,0,Active
1983423736,2,2002,10-05-2023,01-09-2024,10,0,Active
2307612054,2,2001,01-05-2023,01-06-2024,10,0,Active
1676137446,2,2002,10-05-2023,01-09-2024,10,0,Active
3592653084,2,2001,01-05-2023,01-06-2024,10,0,Active
483412067,2,2002,10-05-2023,01-09-2024,10,0,Active
2931925549,2,2001,01-05-2023,01-06-2024,10,0,Active
215008827,2,2002,10-05-2023,01-09-2024,10,0,Active
2495012321,2,2001,01-05-2023,01-06-2024,10,0,Active
2953662604,2,2002,10-05-2023,01-09-2024,10,0,Active
659545227,2,2001,01-05-2023,01-06-2024,10,0,Active
3781160013,2,2002,10-05-2023,01-09-2024,10,0,Active
231107309,2,2001,01-05-2023,01-06-2024,10,0,Active
375304626,2,2002,10-05-2023,01-09-2024,10,0,Active
2594005627,2,2001,01-05-2023,01-06-2024,10,0,Active
3231121874,2,2002,10-05-2023,01-09-2024,10,0,Active
3763660002,2,2001,01-05-2023,01-06-2024,10,0,Active
597156722,2,2002,10-05-2023,01-09-2024,10,0,Active
528194573,2,2001,01-05-2023,01-06-2024,10,0,Active
2210744804,2,2002,10-05-2023,01-09-2024,10,0,Active
1262429769,2,2001,01-05-2023,01-06-2024,10,0,Active
3005581643,2,2002,10-05-2023,01-09-2024,10,0,Active
2304405115,2,2001,01-05-2023,01-06-2024,10,0,Active
4258913264,2,2002,10-05-2023,01-09-2024,10,0,Active
621150316,2,2001,01-05-2023,01-06-2024,10,0,Active
3345309638,2,2002,10-05-2023,01-09-2024,10,0,Active
2070421345,2,2001,01-05-2023,01-06-2024,10,0,Active
2659913114,2,2002,10-05-2023,01-09-2024,10,0,Active
4249649932,2,2001,01-05-2023,01-06-2024,10,0,Active
3236926684,2,2002,10-05-2023,01-09-2024,10,0,Active
3286329957,2,2001,01-05-2023,01-06-2024,10,0,Active
2931786386,2,2002,10-05-2023,01-09-2024,10,0,Active
2982720410,2,2001,01-05-2023,01-06-2024,10,0,Active
673554825,2,2002,10-05-2023,01-09-2024,10,0,Active
932834580,2,2001,01-05-2023,01-06-2024,10,0,Active
3856980194,2,2002,10-05-2023,01-09-2024,10,0,Active
765219200,2,2001,01-05-2023,01-06-2024,10,0,Active
2472054069,2,2002,10-05-2023,01-09-2024,10,0,Active
3589258873,2,2001,01-05-2023,01-06-2024,10,0,Active
3314112071,2,2002,10-05-2023,01-09-2024,10,0,Active
3740638233,2,2001,01-05-2023,01-06-2024,10,0,Active
3604460938,2,2002,10-05-2023,01-09-2024,10,0,Active
850822389,2,2001,01-05-2023,01-06-2024,10,0,Active
586906436,2,2002,10-05-2023,01-09-2024,10,0,Active
3767992209,2,2001,01-05-2023,01-06-2024,10,0,Active
540879523,2,2002,10-05-2023,01-09-2024,10,0,Active
3370493822,2,2001,01-05-2023,01-06-2024,10,0,Active
2939314865,2,2002,10-05-2023,01-09-2024,10,0,Active
3758905402,2,2001,01-05-2023,01-06-2024,10,0,Active
581384967,2,2002,10-05-2023,01-09-2024,10,0,Active
2447390616,2,2001,01-05-2023,01-06-2024,10,0,Active
3770297492,2,2002,10-05-2023,01-09-2024,10,0,Active
2727985042,2,2001,01-05-2023,01-06-2024,10,0,Active
2482105492,2,2002,10-05-2023,01-09-2024,10,0,Active
2734519814,2,2001,01-05-2023,01-06-2024,10,0,Active
1414208314,2,2002,10-05-2023,01-09-2024,10,0,Active
3349821367,2,2001,01-05-2023,01-06-2024,10,0,Active
2431853787,2,2002,10-05-2023,01-09-2024,10,0,Active
3843927896,2,2001,01-05-2023,01-06-2024,10,0,Active
2444397030,2,2002,10-05-2023,01-09-2024,10,0,Active
1232466831,2,2001,01-05-2023,01-06-2024,10,0,Active
3457124955,2,2002,10-05-2023,01-09-2024,10,0,Active
325979063,2,2001,01-05-2023,01-06-2024,10,0,Active
3422966984,2,2002,10-05-2023,01-09-2024,10,0,Active
3499928531,2,2001,01-05-2023,01-06-2024,10,0,Active
668791770,2,2002,10-05-2023,01-09-2024,10,0,Active
2265631040,2,2001,01-05-2023,01-06-2024,10,0,Active
2284009226,2,2002,10-05-2023,01-09-2024,10,0,Active
708871461,2,2001,01-05-2023,01-06-2024,10,0,Active
525234415,2,2002,10-05-2023,01-09-2024,10,0,Active
2938257586,2,2001,01-05-2023,01-06-2024,10,0,Active
2536732993,2,2002,10-05-2023,01-09-2024,10,0,Active
2072028904,2,2001,01-05-2023,01-06-2024,10,0,Active
139930767,2,2002,10-05-2023,01-09-2024,10,0,Active
2454270418,2,2001,01-05-2023,01-06-2024,10,0,Active
4120401059,2,2002,10-05-2023,01-09-2024,10,0,Active
2354434511,2,2001,01-05-2023,01-06-2024,10,0,Active
2878904115,2,2002,10-05-2023,01-09-2024,10,0,Active
1636710827,2,2001,01-05-2023,01-06-2024,10,0,Active
2679892327,2,2002,10-05-2023,01-09-2024,10,0,Active
3695184090,2,2001,01-05-2023,01-06-2024,10,0,Active
2619423524,2,2002,10-05-2023,01-09-2024,10,0,Active
841914965,2,2001,01-05-2023,01-06-2024,10,0,Active
2862944614,2,2002,10-05-2023,01-09-2024,10,0,Active
4142487897,2,2001,01-05-2023,01-06-2024,10,0,Active
3259665887,2,2002,10-05-2023,01-09-2024,10,0,Active
3388197710,2,2001,01-05-2023,01-06-2024,10,0,Active
3066475306,2,2002,10-05-2023,01-09-2024,10,0,Active
4148025558,2,2001,01-05-2023,01-06-2024,10,0,Active
376289914,2,2002,10-05-2023,01-09-2024,10,0,Active
828657683,2,2001,01-05-2023,01-06-2024,10,0,Active
1300233555,2,2002,10-05-2023,01-09-2024,10,0,Active
3319570384,2,2001,01-05-2023,01-06-2024,10,0,Active
3075437286,2,2002,10-05-2023,01-09-2024,10,0,Active
2130813962,2,2001,01-05-2023,01-06-2024,10,0,Active
1803972551,2,2002,10-05-2023,01-09-2024,10,0,Active
3852735799,2,2001,01-05-2023,01-06-2024,10,0,Active
1371538484,2,2002,10-05-2023,01-09-2024,10,0,Active
2666733963,2,2001,01-05-2023,01-06-2024,10,0,Active
3880757610,2,2002,10-05-2023,01-09-2024,10,0,Active
2090289236,2,2001,01-05-2023,01-06-2024,10,0,Active
1507700742,2,2002,10-05-2023,01-09-2024,10,0,Active
3997904065,2,2001,01-05-2023,01-06-2024,10,0,Active
852472417,2,2002,10-05-2023,01-09-2024,10,0,Active
317430965,2,2001,01-05-2023,01-06-2024,10,0,Active
3643653764,2,2002,10-05-2023,01-09-2024,10,0,Active
549153084,2,2001,01-05-2023,01-06-2024,10,0,Active
2883686600,2,2002,10-05-2023,01-09-2024,10,0,Active
918286951,2,2001,01-05-2023,01-06-2024,10,0,Active
4200652143,2,2002,10-05-2023,01-09-2024,10,0,Active
477407090,2,2001,01-05-2023,01-06-2024,10,0,Active
2086844763,2,2002,10-05-2023,01-09-2024,10,0,Active
2692869264,2,2001,01-05-2023,01-06-2024,10,0,Active
4100877292,2,2002,10-05-2023,01-09-2024,10,0,Active
1549888592,2,2001,01-05-2023,01-06-2024,10,0,Active
212374534,2,2002,10-05-2023,01-09-2024,10,0,Active
1498992528,2,2001,01-05-2023,01-06-2024,10,0,Active
3946783299,2,2002,10-05-2023,01-09-2024,10,0,Active
575078858,2,2001,01-05-2023,01-06-2024,10,0,Active
315822605,2,2002,10-05-2023,01-09-2024,10,0,Active
548266571,2,2001,01-05-2023,01-06-2024,10,0,Active
445310388,2,2002,10-05-2023,01-09-2024,10,0,Active
3929785372,2,2001,01-05-2023,01-06-2024,10,0,Active
2033481651,2,2002,10-05-2023,01-09-2024,10,0,Active
307780091,2,2001,01-05-2023,01-06-2024,10,0,Active
3864695515,2,2002,10-05-2023,01-09-2024,10,0,Active
1244609392,2,2001,01-05-2023,01-06-2024,10,0,Active
1660704616,2,2002,10-05-2023,01-09-2024,10,0,Active
2882151451,2,2001,01-05-2023,01-06-2024,10,0,Active
2288082623,2,2002,10-05-2023,01-09-2024,10,0,Active
2755237416,2,2001,01-05-2023,01-06-2024,10,0,Active
3777174734,2,2002,10-05-2023,01-09-2024,10,0,Active
3950180826,2,2001,01-05-2023,01-06-2024,10,0,Active
2011129573,2,2002,10-05-2023,01-09-2024,10,0,Active
1958522057,2,2001,01-05-2023,01-06-2024,10,0,Active
1352301335,2,2002,10-05-2023,01-09-2024,10,0,Active
3730714790,2,2001,01-05-2023,01-06-2024,10,0,Active
810242791,2,2002,10-05-2023,01-09-2024,10,0,Active
1652159716,2,2001,01-05-2023,01-06-2024,10,0,Active
614548372,2,2002,10-05-2023,01-09-2024,10,0,Active
1631956709,2,2001,01-05-2023,01-06-2024,10,0,Active
376733716,2,2002,10-05-2023,01-09-2024,10,0,Active
1367203774,2,2001,01-05-2023,01-06-2024,10,0,Active
3518087110,2,2002,10-05-2023,01-09-2024,10,0,Active
978810160,2,2001,01-05-2023,01-06-2024,10,0,Active
679481182,2,2002,10-05-2023,01-09-2024,10,0,Active
1932034836,2,2001,01-05-2023,01-06-2024,10,0,Active
3282004205,2,2002,10-05-2023,01-09-2024,10,0,Active
3788080070,2,2001,01-05-2023,01-06-2024,10,0,Active
479583252,2,2002,10-05-2023,01-09-2024,10,0,Active
1497496227,2,2001,01-05-2023,01-06-2024,10,0,Active
2595381194,2,2002,10-05-2023,01-09-2024,10,0,Active
1583063965,2,2001,01-05-2023,01-06-2024,10,0,Active
1224296297,2,2002,10-05-2023,01-09-2024,10,0,Active
1170820701,2,2001,01-05-2023,01-06-2024,10,0,Active
2598531832,2,2002,10-05-2023,01-09-2024,10,0,Active
2334995799,2,2001,01-05-2023,01-06-2024,10,0,Active
1279269013,2,2002,10-05-2023,01-09-2024,10,0,Active
2107829905,2,2001,01-05-2023,01-06-2024,10,0,Active
2518414832,2,2002,10-05-2023,01-09-2024,10,0,Active
2383006344,2,2001,01-05-2023,01-06-2024,10,0,Active
1404695018,2,2002,10-05-2023,01-09-2024,10,0,Active
2062108605,2,2001,01-05-2023,01-06-2024,10,0,Active
245091956,2,2002,10-05-2023,01-09-2024,10,0,Active
2548846919,2,2001,01-05-2023,01-06-2024,10,0,Active
3269166783,2,2002,10-05-2023,01-09-2024,10,0,Active
1599146523,2,2001,01-05-2023,01-06-2024,10,0,Active
42909583,2,2002,10-05-2023,01-09-2024,10,0,Active
3876200595,2,2001,01-05-2023,01-06-2024,10,0,Active
1194160132,2,2002,10-05-2023,01-09-2024,10,0,Active
3441691889,2,2001,01-05-2023,01-06-2024,10,0,Active
2324461967,2,2002,10-05-2023,01-09-2024,10,0,Active
3147974335,2,2001,01-05-2023,01-06-2024,10,0,Active
4174731849,2,2002,10-05-2023,01-09-2024,10,0,Active
1152646884,2,2001,01-05-2023,01-06-2024,10,0,Active
427720700,2,2002,10-05-2023,01-09-2024,10,0,Active
676923721,2,2001,01-05-2023,01-06-2024,10,0,Active
2393648177,2,2002,10-05-2023,01-09-2024,10,0,Active
2980353691,2,2001,01-05-2023,01-06-2024,10,0,Active
3571402266,2,2002,10-05-2023,01-09-2024,10,0,Active
2648995393,2,2001,01-05-2023,01-06-2024,10,0,Active
3785076580,2,2002,10-05-2023,01-09-2024,10,0,Active
2060132961,2,2001,01-05-2023,01-06-2024,10,0,Active
1787465955,2,2002,10-05-2023,01-09-2024,10,0,Active
1264595114,2,2001,01-05-2023,01-06-2024,10,0,Active
1870050237,2,2002,10-05-2023,01-09-2024,10,0,Active
3184029347,2,2001,01-05-2023,01-06-2024,10,0,Active
2285219398,2,2002,10-05-2023,01-09-2024,10,0,Active
1533962960,2,2001,01-05-2023,01-06-2024,10,0,Active
3913149432,2,2002,10-05-2023,01-09-2024,10,0,Active
929581517,2,2001,01-05-2023,01-06-2024,10,0,Active
1059684467,2,2002,10-05-2023,01-09-2024,10,0,Active
992288896,2,2001,01-05-2023,01-06-2024,10,0,Active
68721081,2,2002,10-05-2023,01-09-2024,10,0,Active
2168967234,2,2001,01-05-2023,01-06-2024,10,0,Active
166990739,2,2002,10-05-2023,01-09-2024,10,0,Active
3950012201,2,2001,01-05-2023,01-06-2024,10,0,Active
3823625848,2,2002,10-05-2023,01-09-2024,10,0,Active
4052857598,2,2001,01-05-2023,01-06-2024,10,0,Active
2778838107,2,2002,10-05-2023,01-09-2024,10,0,Active
1365305203,2,2001,01-05-2023,01-06-2024,10,0,Active
1000966002,2,2002,10-05-2023,01-09-2024,10,0,Active
444446503,2,2001,01-05-2023,01-06-2024,10,0,Active
735701056,2,2002,10-05-2023,01-09-2024,10,0,Active
3426929463,2,2001,01-05-2023,01-06-2024,10,0,Active
1479777434,2,2002,10-05-2023,01-09-2024,10,0,Active
1604214865,2,2001,01-05-2023,01-06-2024,10,0,Active
3813309015,2,2002,10-05-2023,01-09-2024,10,0,Active
2771916557,2,2001,01-05-2023,01-06-2024,10,0,Active
3396672328,2,2002,10-05-2023,01-09-2024,10,0,Active
489189924,2,2001,01-05-2023,01-06-2024,10,0,Active
2803099596,2,2002,10-05-2023,01-09-2024,10,0,Active
1817718266,2,2001,01-05-2023,01-06-2024,10,0,Active
2243997812,2,2002,10-05-2023,01-09-2024,10,0,Active
1767224652,2,2001,01-05-2023,01-06-2024,10,0,Active
845938694,2,2002,10-05-2023,01-09-2024,10,0,Active
2137379407,2,2001,01-05-2023,01-06-2024,10,0,Active
202041821,2,2002,10-05-2023,01-09-2024,10,0,Active
946205121,2,2001,01-05-2023,01-06-2024,10,0,Active
4077395958,2,2002,10-05-2023,01-09-2024,10,0,Active
1993280603,2,2001,01-05-2023,01-06-2024,10,0,Active
3392277416,2,2002,10-05-2023,01-09-2024,10,0,Active
1691454845,2,2001,01-05-2023,01-06-2024,10,0,Active
2403421747,2,2002,10-05-2023,01-09-2024,10,0,Active
3025582051,2,2001,01-05-2023,01-06-2024,10,0,Active
2368883304,2,2002,10-05-2023,01-09-2024,10,0,Active
3082846662,2,2001,01-05-2023,01-06-2024,10,0,Active
30015943,2,2002,10-05-2023,01-09-2024,10,0,Active
291605778,2,2001,01-05-2023,01-06-2024,10,0,Active
2734561183,2,2002,10-05-2023,01-09-2024,10,0,Active
240130960,2,2001,01-05-2023,01-06-2024,10,0,Active
2747518724,2,2002,10-05-2023,01-09-2024,10,0,Active
2322140421,2,2001,01-05-2023,01-06-2024,10,0,Active
2561515167,2,2002,10-05-2023,01-09-2024,10,0,Active
899649647,2,2001,01-05-2023,01-06-2024,10,0,Active
1466431127,2,2002,10-05-2023,01-09-2024,10,0,Active
2156511585,2,2001,01-05-2023,01-06-2024,10,0,Active
2417704213,2,2002,10-05-2023,01-09-2024,10,0,Active
1961128806,2,2001,01-05-2023,01-06-2024,10,0,Active
3078325179,2,2002,10-05-2023,01-09-2024,10,0,Active
2498685360,2,2001,01-05-2023,01-06-2024,10,0,Active
187341481,2,2002,10-05-2023,01-09-2024,10,0,Active
3760656508,2,2001,01-05-2023,01-06-2024,10,0,Active
1481880637,2,2002,10-05-2023,01-09-2024,10,0,Active
4257097137,2,2001,01-05-2023,01-06-2024,10,0,Active
657263363,2,2002,10-05-2023,01-09-2024,10,0,Active
2589980171,2,2001,01-05-2023,01-06-2024,10,0,Active
1193804387,2,2002,10-05-2023,01-09-2024,10,0,Active
2321028785,2,2001,01-05-2023,01-06-2024,10,0,Active
1725212598,2,2002,10-05-2023,01-09-2024,10,0,Active
363505695,2,2001,01-05-2023,01-06-2024,10,0,Active
3944949506,2,2002,10-05-2023,01-09-2024,10,0,Active
3918180268,2,2001,01-05-2023,01-06-2024,10,0,Active
4054708255,2,2002,10-05-2023,01-09-2024,10,0,Active
4077937139,2,2001,01-05-2023,01-06-2024,10,0,Active
1652342459,2,2002,10-05-2023,01-09-2024,10,0,Active
2529062834,2,2001,01-05-2023,01-06-2024,10,0,Active
2397325712,2,2002,10-05-2023,01-09-2024,10,0,Active
1064236170,2,2001,01-05-2023,01-06-2024,10,0,Active
3347087426,2,2002,10-05-2023,01-09-2024,10,0,Active
1852328023,2,2001,01-05-2023,01-06-2024,10,0,Active
3082059850,2,2002,10-05-2023,01-09-2024,10,0,Active
335172405,2,2001,01-05-2023,01-06-2024,10,0,Active
901937331,2,2002,10-05-2023,01-09-2024,10,0,Active
3919398629,2,2001,01-05-2023,01-06-2024,10,0,Active
4178185335,2,2002,10-05-2023,01-09-2024,10,0,Active
4044808043,2,2001,01-05-2023,01-06-2024,10,0,Active
1564684497,2,2002,10-05-2023,01-09-2024,10,0,Active
2101749278,2,2001,01-05-2023,01-06-2024,10,0,Active
2587646622,2,2002,10-05-2023,01-09-2024,10,0,Active
2010577939,2,2001,01-05-2023,01-06-2024,10,0,Active
3283390657,2,2002,10-05-2023,01-09-2024,10,0,Active
1960186436,2,2001,01-05-2023,01-06-2024,10,0,Active
2565051216,2,2002,10-05-2023,01-09-2024,10,0,Active
1560812480,2,2001,01-05-2023,01-06-2024,10,0,Active
3664911524,2,2002,10-05-2023,01-09-2024,10,0,Active
2853835614,2,2001,01-05-2023,01-06-2024,10,0,Active
1193084006,2,2002,10-05-2023,01-09-2024,10,0,Active
878531640,2,2001,01-05-2023,01-06-2024,10,0,Active
1182244867,2,2002,10-05-2023,01-09-2024,10,0,Active
2632021967,2,2001,01-05-2023,01-06-2024,10,0,Active
2652411274,2,2002,10-05-2023,01-09-2024,10,0,Active
813605445,2,2001,01-05-2023,01-06-2024,10,0,Active
2328017481,2,2002,10-05-2023,01-09-2024,10,0,Active
4188577397,2,2001,01-05-2023,01-06-2024,10,0,Active
2786059032,2,2002,10-05-2023,01-09-2024,10,0,Active
1974931490,2,2001,01-05-2023,01-06-2024,10,0,Active
2830104912,2,2002,10-05-2023,01-09-2024,10,0,Active
1817505666,2,2001,01-05-2023,01-06-2024,10,0,Active
3399072768,2,2002,10-05-2023,01-09-2024,10,0,Active
3419240457,2,2001,01-05-2023,01-06-2024,10,0,Active
3944502516,2,2002,10-05-2023,01-09-2024,10,0,Active
3071609168,2,2001,01-05-2023,01-06-2024,10,0,Active
764646621,2,2002,10-05-2023,01-09-2024,10,0,Active
1382595480,2,2001,01-05-2023,01-06-2024,10,0,Active
2267267245,2,2002,10-05-2023,01-09-2024,10,0,Active
2085450227,2,2001,01-05-2023,01-06-2024,10,0,Active
1004639046,2,2002,10-05-2023,01-09-2024,10,0,Active
1828154589,2,2001,01-05-2023,01-06-2024,10,0,Active
24703708,2,2002,10-05-2023,01-09-2024,10,0,Active
3788762493,2,2001,01-05-2023,01-06-2024,10,0,Active
1543009424,2,2002,10-05-2023,01-09-2024,10,0,Active
588462319,2,2001,01-05-2023,01-06-2024,10,0,Active
3577962016,2,2002,10-05-2023,01-09-2024,10,0,Active
1437309204,2,2001,01-05-2023,01-06-2024,10,0,Active
1348953346,2,2002,10-05-2023,01-09-2024,10,0,Active
836339138,2,2001,01-05-2023,01-06-2024,10,0,Active
4250176850,2,2002,10-05-2023,01-09-2024,10,0,Active
726108717,2,2001,01-05-2023,01-06-2024,10,0,Active
2778190696,2,2002,10-05-2023,01-09-2024,10,0,Active
657527191,2,2001,01-05-2023,01-06-2024,10,0,Active
3827527769,2,2002,10-05-2023,01-09-2024,10,0,Active
418257394,2,2001,01-05-2023,01-06-2024,10,0,Active
3328327189,2,2002,10-05-2023,01-09-2024,10,0,Active
2972317808,2,2001,01-05-2023,01-06-2024,10,0,Active
1721222683,2,2002,10-05-2023,01-09-2024,10,0,Active
1992486180,2,2001,01-05-2023,01-06-2024,10,0,Active
1069957284,2,2002,10-05-2023,01-09-2024,10,0,Active
2402418855,2,2001,01-05-2023,01-06-2024,10,0,Active
3045130652,2,2002,10-05-2023,01-09-2024,10,0,Active
3942436902,2,2001,01-05-2023,01-06-2024,10,0,Active
2184324923,2,2002,10-05-2023,01-09-2024,10,0,Active
313401826,2,2001,01-05-2023,01-06-2024,10,0,Active
3624731276,2,2002,10-05-2023,01-09-2024,10,0,Active
919279230,2,2001,01-05-2023,01-06-2024,10,0,Active
1573795689,2,2002,10-05-2023,01-09-2024,10,0,Active
2753888717,2,2001,01-05-2023,01-06-2024,10,0,Active
1808956623,2,2002,10-05-2023,01-09-2024,10,0,Active
3956554576,2,2001,01-05-2023,01-06-2024,10,0,Active
3342590028,2,2002,10-05-2023,01-09-2024,10,0,Active
1494714568,2,2001,01-05-2023,01-06-2024,10,0,Active
2439213524,2,2002,10-05-2023,01-09-2024,10,0,Active
2342535325,2,2001,01-05-2023,01-06-2024,10,0,Active
3172488795,2,2002,10-05-2023,01-09-2024,10,0,Active
2044852359,2,2001,01-05-2023,01-06-2024,10,0,Active
692610641,2,2002,10-05-2023,01-09-2024,10,0,Active
3175266737,2,2001,01-05-2023,01-06-2024,10,0,Active
3216353464,2,2002,10-05-2023,01-09-2024,10,0,Active
4010413785,2,2001,01-05-2023,01-06-2024,10,0,Active
3519053657,2,2002,10-05-2023,01-09-2024,10,0,Active
3214735176,2,2001,01-05-2023,01-06-2024,10,0,Active
2682947817,2,2002,10-05-2023,01-09-2024,10,0,Active
2414885893,2,2001,01-05-2023,01-06-2024,10,0,Active
359655160,2,2002,10-05-2023,01-09-2024,10,0,Active
259042037,2,2001,01-05-2023,01-06-2024,10,0,Active
2607197188,2,2002,10-05-2023,01-09-2024,10,0,Active
1852743827,2,2001,01-05-2023,01-06-2024,10,0,Active
2163322875,2,2002,10-05-2023,01-09-2024,10,0,Active
880329591,2,2001,01-05-2023,01-06-2024,10,0,Active
1596098762,2,2002,10-05-2023,01-09-2024,10,0,Active
603841812,2,2001,01-05-2023,01-06-2024,10,0,Active
1921275161,2,2002,10-05-2023,01-09-2024,10,0,Active
3877204213,2,2001,01-05-2023,01-06-2024,10,0,Active
3936556543,2,2002,10-05-2023,01-09-2024,10,0,Active
4046692799,2,2001,01-05-2023,01-06-2024,10,0,Active
3034119305,2,2002,10-05-2023,01-09-2024,10,0,Active
3710270855,2,2001,01-05-2023,01-06-2024,10,0,Active
2367003426,2,2002,10-05-2023,01-09-2024,10,0,Active
2598912192,2,2001,01-05-2023,01-06-2024,10,0,Active
1959765562,2,2002,10-05-2023,01-09-2024,10,0,Active
3719422057,2,2001,01-05-2023,01-06-2024,10,0,Active
2706052379,2,2002,10-05-2023,01-09-2024,10,0,Active
2656345985,2,2001,01-05-2023,01-06-2024,10,0,Active
3116946276,2,2002,10-05-2023,01-09-2024,10,0,Active
3005601157,2,2001,01-05-2023,01-06-2024,10,0,Active
4233349355,2,2002,10-05-2023,01-09-2024,10,0,Active
1930197257,2,2001,01-05-2023,01-06-2024,10,0,Active
3202312143,2,2002,10-05-2023,01-09-2024,10,0,Active
546347078,2,2001,01-05-2023,01-06-2024,10,0,Active
1377682888,2,2002,10-05-2023,01-09-2024,10,0,Active
2891335072,2,2001,01-05-2023,01-06-2024,10,0,Active
3412597093,2,2002,10-05-2023,01-09-2024,10,0,Active
2102283003,2,2001,01-05-2023,01-06-2024,10,0,Active
2793697315,2,2002,10-05-2023,01-09-2024,10,0,Active
2096719687,2,2001,01-05-2023,01-06-2024,10,0,Active
1030134374,2,2002,10-05-2023,01-09-2024,10,0,Active
2381572095,2,2001,01-05-2023,01-06-2024,10,0,Active
2155533830,2,2002,10-05-2023,01-09-2024,10,0,Active
2964330170,2,2001,01-05-2023,01-06-2024,10,0,Active
2715024205,2,2002,10-05-2023,01-09-2024,10,0,Active
4226918514,2,2001,01-05-2023,01-06-2024,10,0,Active
1114682144,2,2002,10-05-2023,01-09-2024,10,0,Active
901856420,2,2001,01-05-2023,01-06-2024,10,0,Active
1165100841,2,2002,10-05-2023,01-09-2024,10,0,Active
2375309293,2,2001,01-05-2023,01-06-2024,10,0,Active
3157070223,2,2002,10-05-2023,01-09-2024,10,0,Active
2973199040,2,2001,01-05-2023,01-06-2024,10,0,Active
164464234,2,2002,10-05-2023,01-09-2024,10,0,Active
2779803000,2,2001,01-05-2023,01-06-2024,10,0,Active
